Project Name,Checkpoint Name,Created On,File Name,Method,Complexity*,Statements,Maximum Depth
C Sharp Test Files,Checkpoint19,04 Jan 2012,Account.Deposit(double amt),2,3,2,0
C Sharp Test Files,Checkpoint19,04 Jan 2012,AccountTest.Main(string[] args),1,4,2,3
C Sharp Test Files,Checkpoint19,04 Jan 2012,Account.Report(),1,3,2,3
C Sharp Test Files,Checkpoint19,04 Jan 2012,Account.Withdraw(double amt),4,6,3,0
C Sharp Test Files,Checkpoint19,04 Jan 2012,Test.Main(string[] args),1,5,2,1
C Sharp Test Files,Checkpoint19,04 Jan 2012,DataRelationExample.Main(),3,14,4,8
C Sharp Test Files,Checkpoint19,04 Jan 2012,GetFileInfo.Main(string[] args),13,33,5,14
C Sharp Test Files,Checkpoint19,04 Jan 2012,Class1.Main(),3,15,4,10
C Sharp Test Files,Checkpoint19,04 Jan 2012,BinaryDataReader.Main(string[] args),4,11,5,3
C Sharp Test Files,Checkpoint19,04 Jan 2012,BinaryDataWriter.Main(string[] args),3,8,4,2
